GLY;N;14,8
GLY;CA;23,8
GLY;C;9,8
GLY;O;16,5
ALA;N;14
ALA;CA;14,1
ALA;C;8,9
ALA;O;16,2
ALA;CB;36,9
VAL;N;13,7
VAL;CA;13,1
VAL;C;8,6
VAL;O;16,2
VAL;CB;14,6
VAL;CG1;36,6
VAL;CG2;36,3
LEU;N;16,7
LEU;CA;13,1
LEU;C;8,8
LEU;O;16,2
LEU;CB;23
LEU;CG;14,8
LEU;CD1;37,4
LEU;CD2;37,2
ILE;N;13,6
ILE;CA;13
ILE;C;8,5
ILE;O;16,2
ILE;CB;14,2
ILE;CG1;24,2
ILE;CG2;36
ILE;CD1;38,3
MET;N;13,6
MET;CA;13,2
MET;C;8,8
MET;O;16,3
MET;CB;23,7
MET;CG;24
MET;SD;30,3
MET;CE;37,3
PRO;N;8,8
PRO;CA;14
PRO;C;8,8
PRO;O;16,2
PRO;CB;25,6
PRO;CG;26,7
PRO;CD;23,8
HIS;N;13,7
HIS;CA;13,5
HIS;C;8,9
HIS;O;16,1
HIS;CB;23,8
HIS;CG;9,9
HIS;ND1;15,8
HIS;CD2;21,1
HIS;CE1;20,8
HIS;NE2;16,4
PHE;N;13,7
PHE;CA;13,4
PHE;C;8,8
PHE;O;16,1
PHE;CB;23,8
PHE;CG;9,7
PHE;CD1;20,4
PHE;CD2;21,1
PHE;CE1;21,6
PHE;CE2;21,7
PHE;CZ;21,7
TYR;N;13,7
TYR;CA;13,3
TYR;C;8,8
TYR;O;16,1
TYR;CB;23,7
TYR;CG;9,7
TYR;CD1;20,2
TYR;CD2;20,7
TYR;CE1;20,7
TYR;CE2;20,8
TYR;CZ;9,9
TYR;OH;19,4
TRP;N;13,8
TRP;CA;13,4
TRP;C;8,7
TRP;O;16
TRP;CB;24,1
TRP;CG;10
TRP;CD1;20,9
TRP;NE1;17
TRP;CD2;10,1
TRP;CE2;9,9
TRP;CE3;20,5
TRP;CZ3;21,5
TRP;CZ2;21,2
TRP;CH2;21,3
SEC;N;14
SEC;CA;13,7
SEC;C;8,9
SEC;O;16,5
SEC;CB;23,7
SEC;SeG;37
CYS;N;13,7
CYS;CA;13,1
CYS;C;8,8
CYS;O;16,2
CYS;CB;23,6
CYS;SG;27,7
SER;N;14,1
SER;CA;13,5
SER;C;8,9
SER;O;16,2
SER;CB;23,9
SER;OG;18,8
THR;N;13,9
THR;CA;13,1
THR;C;8,7
THR;O;16
THR;CB;14,9
THR;OG1;18,3
THR;CG2;36,6
ASN;N;13,7
ASN;CA;13,2
ASN;C;8,9
ASN;O;16,2
ASN;CB;23,1
ASN;CG;9,6
ASN;OD1;16,7
ASN;ND2;23,3
GLN;N;13,6
GLN;CA;13,3
GLN;C;8,8
GLN;O;16
GLN;CB;23,3
GLN;CG;23,4
GLN;CD;9,7
GLN;OE1;17,2
GLN;NE2;24,1
ASP;N;13,9
ASP;CA;13,4
ASP;C;8,8
ASP;O;16,1
ASP;CB;23,4
ASP;CG;9,4
ASP;OD1;15,6
ASP;OD2;16,7
GLU;N;13,6
GLU;CA;13,4
GLU;C;8,7
GLU;O;16
GLU;CB;23,5
GLU;CG;23,5
GLU;CD;9,5
GLU;OE1;16
GLU;OE2;17,9
LYS;N;13,7
LYS;CA;13,3
LYS;C;8,8
LYS;O;16,1
LYS;CB;22,8
LYS;CG;23,1
LYS;CD;23,7
LYS;CE;24
LYS;NZ;21,9
ARG;N;13,6
ARG;CA;13,4
ARG;C;8,8
ARG;O;16,1
ARG;CB;23,1
ARG;CG;23,6
ARG;CD;23,3
ARG;NE;15,5
ARG;CZ;9,7
ARG;NH1;22,8
ARG;NH2;23,9
